"pre_survey_participant_id","main_survey_participant_id"
"27","27"
"29","29"
"36","36"
"40","40"
"48","48"
"50","50"
"51","51"
"55","55"
"58","58"
"61","61"
"62","62"
"65","65"
"68","68"
"73","73"
"77","77"
"78","78"
"79","79"
"85","85"
"92","92"
"95","95"
"98","98"
"99","99"
"100","100"
"104","104"
"107","107"
"113","113"
"119","119"
"121","121"
"124","124"
"125","125"
"126","126"
"127","127"
"129","129"
"130","130"
"131","131"
"133","133"
"135","135"
"137","137"
"142","142"
"143","143"
"148","148"
"149","149"
"150","150"
"151","151"
"153","153"
"155","155"
"156","156"
"158","158"
"161","161"
"164","164"
"166","166"
"176","176"
"178","178"
"181","181"
"182","182"
"183","183"
"184","184"
"188","188"
"189","189"
"190","190"
"193","193"
"196","196"
"198","198"
"200","200"
"203","203"
"208","208"
"210","210"
"212","212"
"214","214"
"215","215"
"217","217"
"218","218"
"221","221"
"224","224"
"226","226"
"227","227"
"233","233"
"236","236"
"240","240"
"243","243"
"249","249"
"251","251"
"252","252"
"256","256"
"257","257"
"264","264"
"271","271"
"272","272"
"274","274"
"279","279"
"281","281"
"285","285"
"286","286"
"288","288"
"289","289"
"292","292"
"294","294"
"297","297"
"299","299"
"301","301"
"302","302"
"303","303"
"304","304"
"310","310"
"311","311"
"317","317"
"321","321"
"322","322"
"323","323"
"324","324"
"325","325"
"327","327"
"328","328"
"329","329"
"331","331"
"332","332"
"333","333"
"335","335"
"339","339"
"340","340"
"341","341"
"347","347"
"349","349"
"353","353"
"354","354"
"356","356"
"357","357"
"365","365"
"367","367"
"369","369"
"372","372"
"376","376"
"379","379"
"384","384"
"385","385"
"388","388"
"389","389"
"390","390"
"399","399"
"404","404"
"406","406"
"408","408"
"412","412"
"414","414"
"415","415"
"416","416"
"418","418"
"422","422"
"426","426"
"433","433"
"434","434"
"438","438"
"444","444"
"446","446"
"452","452"
"458","458"
"459","459"
"460","460"
"462","462"
"467","467"
"471","471"
"476","476"
"477","477"
"483","483"
"485","485"
"486","486"
"488","488"
"489","489"
"495","495"
"498","498"
"502","502"
"507","507"
"510","510"
"514","514"
"515","515"
"516","516"
"517","517"
"520","520"
"526","526"
"528","528"
"530","530"
"534","534"
"535","535"
"536","536"
"537","537"
"539","539"
"540","540"
"541","541"
"543","543"
"544","544"
"549","549"
"550","550"
"554","554"
"555","555"
"556","556"
"567","567"
"570","570"
"577","577"
"579","579"
"581","581"
"584","584"
"585","585"
"597","597"
"604","604"
"607","607"
"609","609"
"610","610"
"615","615"
"618","618"
"619","619"
"621","621"
"622","622"
"625","625"
"627","627"
